Unnamed: 0,T,TM,Tm,SLP,H,VV,V,VM,PM 2.5
480,29.4,34.4,26.4,999.9,86.0,1.8,2.2,14.8,31.33333333333333
771,26.8,33.0,19.0,1008.8,61.0,2.3,3.5,11.1,123.70833333333331
450,36.3,42.9,27.7,998.7,38.0,2.6,6.3,22.2,63.0
163,17.0,26.6,10.0,1016.5,70.0,1.1,0.9,7.6,221.54166666666663
454,30.8,34.9,25.5,999.4,66.0,1.9,3.1,9.4,77.75
345,24.2,31.6,17.2,1015.3,62.0,1.1,4.3,11.1,282.1666666666667
105,30.4,35.1,24.8,995.2,77.0,1.9,5.2,14.8,38.25
974,34.7,41.5,22.0,1001.7,24.0,2.3,8.5,16.5,142.5
871,30.0,36.0,22.5,1004.9,63.0,2.6,3.0,7.6,50.91666666666666
949,24.3,31.0,16.8,1010.8,66.0,3.4,6.9,14.8,59.20833333333334
644,28.4,36.6,24.4,998.1,82.0,2.4,5.2,9.4,29.66666666666667
821,35.5,39.9,31.2,999.7,60.0,2.4,9.8,18.3,40.375
953,27.1,33.0,19.0,1009.9,61.0,2.6,2.8,13.0,64.79166666666667
800,36.5,43.0,27.0,1001.8,35.0,2.6,4.1,22.2,128.125
801,37.3,42.4,27.4,1002.4,32.0,2.6,4.8,14.8,108.0
658,29.2,31.0,26.0,1000.0,85.0,1.8,4.6,13.0,41.375
659,29.1,32.6,26.4,998.6,85.0,1.8,5.9,13.0,25.54166666666667
537,17.6,24.6,11.2,1016.1,75.0,0.8,7.0,18.3,236.41666666666663
311,28.5,33.2,26.0,1001.3,82.0,1.9,15.0,25.9,24.29166666666667
485,31.6,35.6,25.8,1002.7,67.0,2.9,13.0,22.2,12.25
597,30.4,37.5,21.6,1006.3,41.0,2.6,12.0,27.8,15.166666666666664
497,31.0,36.7,26.4,1005.7,54.0,2.6,10.2,31.7,38.708333333333336
494,31.4,36.5,27.6,1005.5,56.0,1.9,11.7,25.9,60.125
67,30.9,37.6,23.2,1003.7,44.0,1.9,3.5,11.1,101.5
323,30.7,36.3,25.4,1009.2,54.0,3.1,8.9,16.5,43.33333333333334
1014,32.4,35.2,26.2,999.0,72.0,2.9,13.5,25.9,36.0
827,33.6,36.7,28.8,996.7,66.0,5.8,5.9,11.1,43.66666666666666
891,20.8,29.0,10.5,1013.9,61.0,1.8,2.6,7.6,194.7083333333333
652,32.4,35.2,26.2,999.0,72.0,2.9,13.5,25.9,36.0
522,23.4,31.8,17.3,1015.8,75.0,1.6,0.4,3.5,185.0833333333333
91,31.2,37.1,27.6,996.8,71.0,1.9,8.1,20.6,49.41666666666666
678,31.3,35.0,26.0,1004.6,63.0,3.2,11.5,18.3,0.0
961,33.4,39.1,24.8,1008.0,47.0,2.1,2.6,7.6,25.75
431,30.2,37.6,23.6,1006.3,47.0,2.6,4.4,11.1,56.25
923,12.0,17.0,6.7,1019.8,75.0,1.3,7.6,13.0,125.89166666666668
902,18.2,27.0,7.7,1013.7,72.0,0.6,1.1,7.6,237.625
806,34.6,39.0,26.0,998.4,49.0,2.4,6.7,16.5,95.83333333333331
596,29.9,37.0,19.5,1008.3,39.0,2.7,4.4,9.4,23.20833333333333
932,17.1,23.2,9.0,1017.1,69.0,1.8,5.9,11.1,93.375
270,33.9,40.6,28.0,997.0,59.0,2.1,8.1,25.9,80.54166666666667
602,30.9,37.0,19.0,1008.9,33.0,2.6,6.9,14.8,20.791666666666668
390,17.2,25.5,9.3,1012.8,61.0,2.4,6.7,20.6,120.20833333333331
384,15.1,24.0,6.7,1017.6,66.0,1.3,5.0,11.1,224.79166666666663
762,25.0,31.0,15.0,1015.7,59.0,1.9,1.7,5.4,1.9166666666666667
319,31.0,36.3,26.0,1002.8,61.0,2.3,4.4,11.1,56.91666666666666
223,21.4,29.7,12.6,1016.4,65.0,1.4,2.8,9.4,116.625
661,32.6,36.0,26.2,997.8,66.0,3.4,5.6,9.4,40.333333333333336
999,35.6,40.0,30.0,1000.7,57.0,3.1,9.4,25.9,90.70833333333331
57,28.0,38.6,23.8,1007.3,48.0,2.3,15.6,25.9,0.0
1080,19.3,27.0,11.7,1019.6,57.0,1.8,5.2,11.1,195.375
250,32.2,39.5,25.2,1002.1,45.0,1.6,9.3,16.5,198.875
204,13.8,26.4,9.6,1011.3,88.0,1.0,8.1,14.8,143.91666666666666
464,28.3,33.6,23.3,998.4,87.0,1.9,1.7,7.6,42.29166666666666
601,29.3,36.0,18.8,1008.8,37.0,3.2,4.8,11.1,117.75
71,36.2,44.6,29.2,999.1,32.0,1.9,10.6,18.3,98.41666666666669
290,32.5,37.5,27.6,1001.9,67.0,1.9,7.2,18.3,47.375
872,28.6,35.0,19.8,1008.2,49.0,3.7,11.5,22.2,82.83333333333333
901,15.8,24.3,8.7,1015.8,77.0,0.8,1.7,7.6,312.2083333333333
1049,32.4,36.4,27.5,1007.8,65.0,3.1,3.5,11.1,29.0
996,36.0,41.0,27.6,997.7,46.0,2.4,12.8,25.9,77.0
24,16.4,22.0,11.2,1015.5,81.0,1.6,5.9,18.3,56.45833333333334
251,30.7,39.5,21.4,1000.5,43.0,1.6,6.5,14.8,120.70833333333331
1015,34.1,37.0,28.5,998.5,63.0,3.2,13.0,22.2,70.58333333333333
867,31.9,36.0,26.5,1007.2,66.0,2.3,2.4,7.6,26.66666666666667
444,33.8,45.0,24.8,1001.3,26.0,2.6,6.7,18.3,63.66666666666666
453,27.0,39.7,20.5,1000.2,82.0,1.9,3.9,13.0,54.95833333333334
559,12.3,19.0,8.9,1015.8,91.0,0.5,4.6,9.4,108.0
542,14.6,21.3,6.0,1017.1,59.0,2.6,8.1,14.8,161.375
1070,20.8,29.3,12.1,1016.7,58.0,1.8,3.5,9.4,210.54166666666663
971,33.4,40.0,21.2,1006.3,27.0,2.6,3.7,14.8,0.0
38,23.0,30.0,14.4,1016.1,55.0,2.7,6.7,14.8,77.20833333333333
283,33.3,42.3,29.2,997.8,69.0,1.9,5.2,9.4,153.41666666666666
881,23.7,31.7,15.5,1017.7,69.0,1.0,1.3,5.4,99.70833333333331
447,31.6,39.9,22.2,1003.4,46.0,1.9,8.5,20.6,20.75
176,15.4,24.9,8.2,1012.8,82.0,1.0,0.7,3.5,202.875
249,31.8,38.6,24.2,1004.3,54.0,1.9,1.9,7.6,108.33333333333331
147,26.6,32.6,21.1,1008.8,76.0,1.6,3.3,11.1,95.25
88,35.6,41.0,27.3,995.5,49.0,1.9,7.4,18.3,97.29166666666669
654,34.1,37.2,29.0,998.4,61.0,2.6,11.5,22.2,52.45833333333334
615,33.2,38.0,25.0,1004.6,41.0,2.7,4.6,9.4,158.29166666666666
942,22.7,30.6,13.0,1018.4,58.0,2.4,3.3,7.6,62.70833333333334
951,24.1,29.2,14.5,1014.4,59.0,2.4,8.5,18.3,87.83333333333331
391,19.3,28.6,10.6,1009.5,65.0,2.6,4.3,14.8,137.125
1012,30.4,35.4,26.7,997.8,82.0,2.1,5.2,14.8,41.458333333333336
989,32.7,37.5,24.7,1002.3,55.0,2.4,7.4,18.3,38.66666666666666
519,24.7,33.3,18.5,1014.0,61.0,2.3,3.5,7.6,107.33333333333331
331,24.4,33.6,21.4,1011.0,75.0,1.9,5.4,14.8,11.583333333333336
817,34.7,38.0,30.5,995.4,55.0,2.4,10.4,18.3,40.833333333333336
297,30.9,35.0,27.6,998.4,73.0,1.9,5.9,14.8,30.66666666666667
121,32.1,36.7,26.8,998.1,74.0,1.9,6.5,14.8,64.91666666666667
624,32.9,39.0,27.4,996.6,50.0,2.4,9.4,27.8,110.41666666666669
489,31.9,36.2,28.0,1001.1,68.0,2.6,4.8,14.8,29.20833333333333
852,31.0,35.0,26.8,1004.1,76.0,2.6,6.1,14.8,64.91666666666667
779,32.3,39.0,21.5,1007.3,39.0,3.4,5.4,13.0,21.25
760,22.7,30.4,12.8,1017.7,56.0,2.6,2.4,7.6,79.83333333333333
231,24.9,33.2,16.8,1006.2,49.0,2.6,9.6,25.9,101.79166666666669
893,21.4,30.6,10.8,1011.9,54.0,2.6,7.8,18.3,274.875
742,12.0,17.0,6.7,1019.8,75.0,1.3,7.6,13.0,125.89166666666668
709,20.7,28.8,10.6,1017.8,56.0,1.8,6.1,16.5,251.2083333333333
642,34.4,39.4,26.0,998.3,63.0,2.3,8.0,14.8,43.66666666666666
962,29.5,36.9,21.5,1007.2,41.0,2.3,11.3,16.5,105.33333333333331
29,20.4,28.4,15.2,1014.7,62.0,2.4,5.0,14.8,62.70833333333334
719,17.8,24.8,11.2,1017.0,74.0,0.6,0.7,7.6,365.29166666666674
955,29.8,36.2,18.2,1012.7,52.0,2.4,3.3,7.6,52.04166666666666
208,12.6,17.7,9.2,1012.6,91.0,0.6,3.9,7.6,143.0
734,18.3,24.7,11.5,1018.1,85.0,0.5,1.1,7.6,154.03750000000005
312,30.9,34.7,25.7,1003.5,73.0,1.9,1.3,5.4,74.66666666666667
511,29.6,35.5,25.0,1011.0,69.0,1.9,3.7,9.4,81.625
743,11.7,18.0,6.4,1017.3,76.0,0.8,4.4,13.0,181.01250000000005
313,31.2,36.0,26.4,1003.3,72.0,1.9,3.5,13.0,41.875
655,31.9,35.0,28.3,1001.3,72.0,2.1,2.8,9.4,38.25
527,22.3,29.3,16.1,1014.9,64.0,0.8,5.4,18.3,353.04166666666674
308,27.5,34.8,25.0,1001.0,89.0,1.9,4.3,16.5,49.29166666666666
896,21.4,29.6,12.7,1013.7,40.0,2.6,8.0,20.6,184.2083333333333
363,11.3,17.5,7.2,1018.8,81.0,0.8,5.7,13.0,188.04166666666663
268,30.3,41.1,22.7,997.7,62.0,2.6,16.7,29.4,48.83333333333334
242,28.1,35.8,18.6,1010.0,40.0,1.9,8.7,16.5,87.875
1063,23.4,31.1,14.2,1016.0,60.0,1.1,3.0,7.6,217.375
580,22.7,30.6,13.0,1018.4,58.0,2.4,3.3,7.6,62.70833333333334
622,37.3,42.8,31.2,996.2,49.0,2.6,8.3,14.8,94.375
103,29.1,33.8,23.9,996.3,86.0,1.4,2.6,55.4,70.58333333333333
1046,30.7,34.8,25.6,1004.5,66.0,2.6,3.3,11.1,41.5
524,21.9,30.2,16.1,1014.8,79.0,0.5,1.1,7.6,365.75
998,34.7,38.0,30.5,995.4,55.0,2.4,10.4,18.3,40.833333333333336
963,29.3,36.0,18.8,1008.8,37.0,3.2,4.8,11.1,117.75
1061,25.4,33.4,16.5,1014.3,62.0,1.6,5.0,14.8,226.29166666666663
383,13.8,21.5,7.2,1018.0,60.0,2.4,9.1,24.1,151.875
534,18.4,29.1,13.5,1011.4,71.0,1.3,2.6,7.6,200.5
441,35.8,42.6,27.0,1000.4,30.0,2.6,11.3,24.1,68.91666666666667
797,35.1,39.2,25.3,1005.1,40.0,2.4,7.2,11.1,149.58333333333334
650,30.4,35.4,26.7,997.8,82.0,2.1,5.2,14.8,41.458333333333336
406,21.6,27.3,15.8,1015.3,71.0,2.6,7.8,20.6,56.33333333333334
148,25.6,33.2,19.5,1011.5,67.0,1.4,3.7,14.8,126.16666666666669
759,22.6,30.3,11.5,1015.4,57.0,2.4,5.4,11.1,69.66666666666667
127,30.9,35.6,25.0,1004.8,58.0,2.3,6.9,14.8,0.0
523,23.9,31.8,18.6,1014.2,73.0,1.8,0.4,1.9,249.5
1066,23.2,30.2,14.0,1012.6,55.0,1.1,7.4,18.3,278.0
259,30.0,36.4,21.4,1007.2,60.0,2.6,4.1,14.8,48.125
490,32.4,36.9,28.1,1001.9,68.0,2.7,5.4,11.1,36.5
664,31.2,36.7,28.0,997.8,75.0,2.7,9.1,14.8,36.79166666666666
1052,30.0,36.0,22.5,1004.9,63.0,2.6,3.0,7.6,50.91666666666666
836,31.9,35.0,28.3,1001.3,72.0,2.1,2.8,9.4,38.25
583,26.8,33.4,15.7,1014.5,52.0,2.4,4.6,9.4,1.7916666666666667
241,26.8,33.6,19.2,1010.5,53.0,1.6,4.6,11.1,137.875
68,32.9,39.8,24.7,1001.0,38.0,1.9,5.6,13.0,106.5
862,31.7,37.1,26.0,1003.2,63.0,2.9,1.7,5.4,62.375
1047,31.4,35.2,26.0,1005.8,62.0,3.1,2.0,7.6,48.91666666666666
1088,18.1,24.0,11.2,1015.4,56.0,1.8,15.9,25.9,288.4166666666667
294,30.3,35.3,28.4,996.9,81.0,1.9,0.9,7.6,45.83333333333334
1001,32.9,38.6,27.0,999.7,64.0,2.4,8.9,16.5,79.83333333333333
275,32.4,38.1,23.5,1000.8,66.0,1.9,3.3,7.6,65.875
302,33.0,37.0,27.0,1004.8,59.0,1.9,6.9,16.5,66.79166666666667
61,31.4,39.2,22.8,1002.9,24.0,1.9,11.5,25.9,94.75
503,30.2,36.5,26.2,1002.3,70.0,1.9,5.7,14.8,23.95833333333333
528,22.4,29.8,16.5,1012.0,65.0,1.1,3.5,13.0,257.4166666666667
433,35.7,42.7,27.6,1003.4,21.0,1.9,14.4,27.8,76.875
348,18.6,27.5,10.6,1014.8,51.0,1.3,2.8,11.1,135.16666666666666
647,30.7,36.9,28.8,996.8,78.0,2.3,5.4,27.8,29.83333333333333
841,30.9,35.0,26.0,997.4,73.0,2.6,6.5,11.1,28.375
786,33.6,40.0,23.0,1003.8,27.0,2.4,9.8,18.3,109.625
837,30.3,35.0,27.6,1002.6,83.0,2.3,6.5,16.5,26.58333333333333
256,31.9,38.8,26.5,1006.0,39.0,2.3,8.7,22.2,65.16666666666667
438,28.7,35.8,24.2,1006.5,58.0,1.9,7.0,18.3,67.45833333333333
984,37.3,42.8,31.2,996.2,49.0,2.6,8.3,14.8,94.375
19,14.7,21.7,8.4,1017.1,71.0,1.8,10.9,22.2,93.375
990,36.0,40.0,26.6,1001.7,46.0,3.1,9.1,22.2,45.375
159,18.9,27.1,14.5,1015.2,80.0,0.6,1.3,7.6,278.0
354,20.1,30.0,11.4,1013.8,47.0,1.8,8.9,22.2,46.70833333333334
690,30.0,36.0,22.5,1004.9,63.0,2.6,3.0,7.6,50.91666666666666
832,31.0,35.2,26.0,997.9,80.0,2.4,7.2,18.3,53.125
777,29.9,37.0,19.5,1008.3,39.0,2.7,4.4,9.4,23.20833333333333
185,13.2,18.2,9.2,1021.0,92.0,0.8,7.6,11.1,255.875
205,12.7,19.5,7.0,1012.0,66.0,1.4,9.3,25.9,100.25
879,26.4,33.0,18.4,1012.4,60.0,2.6,4.6,14.8,272.4166666666667
9,11.9,18.9,6.3,1020.1,76.0,1.1,8.3,20.6,107.625
414,25.1,30.8,19.0,1010.4,70.0,2.1,3.7,11.1,47.25
992,37.6,43.0,28.7,1001.2,42.0,2.4,2.8,11.1,67.08333333333333
455,35.9,41.6,29.0,996.7,54.0,1.9,8.5,18.3,75.33333333333333
1073,22.0,31.0,10.7,1013.2,56.0,1.8,2.4,14.8,250.875
1019,28.3,35.8,26.8,1003.9,89.0,1.6,4.3,11.1,57.58333333333334
653,34.1,37.0,28.5,998.5,63.0,3.2,13.0,22.2,70.58333333333333
778,30.4,37.5,21.6,1006.3,41.0,2.6,12.0,27.8,15.166666666666664
1004,34.4,39.4,26.0,998.3,63.0,2.3,8.0,14.8,43.66666666666666
21,17.4,25.4,10.3,1015.8,63.0,1.9,6.7,14.8,132.20833333333334
577,20.9,27.8,15.8,1014.4,62.0,2.6,17.2,27.8,122.5
918,18.2,25.1,12.0,1014.4,77.0,0.6,5.0,11.1,285.225
310,29.4,35.3,26.3,1001.7,76.0,2.6,10.4,20.6,22.83333333333333
416,28.7,34.7,21.0,1004.7,53.0,1.9,9.4,18.3,52.29166666666666
196,11.7,18.2,9.4,1019.9,96.0,0.5,8.3,11.1,202.91666666666663
386,16.7,23.8,13.0,1020.7,75.0,0.8,7.2,14.8,149.625
550,16.9,25.1,6.6,1021.3,65.0,1.1,2.0,7.6,284.7958333333333
1086,17.2,24.2,10.0,1017.2,58.0,1.6,9.3,22.2,403.95833333333326
717,18.9,25.8,11.5,1017.9,77.0,0.6,5.0,13.0,185.9583333333333
761,22.7,30.6,13.0,1018.4,58.0,2.4,3.3,7.6,62.70833333333334
751,17.1,23.2,9.0,1017.1,69.0,1.8,5.9,11.1,93.375
905,17.2,24.2,10.0,1017.2,58.0,1.6,9.3,22.2,403.95833333333326
736,16.6,22.2,10.2,1015.4,65.0,1.8,10.0,20.6,200.64583333333337
96,30.3,35.8,27.2,997.5,78.0,1.9,7.6,14.8,43.66666666666666
120,30.4,36.5,27.8,999.3,82.0,1.4,2.0,7.6,82.875
90,31.2,35.7,27.2,998.4,75.0,1.9,6.3,14.8,40.375
549,16.3,22.5,7.6,1020.6,64.0,1.4,8.1,14.8,255.3333333333333
965,31.6,38.0,23.2,1002.6,30.0,3.1,18.7,35.2,46.91666666666666
1053,28.6,35.0,19.8,1008.2,49.0,3.7,11.5,22.2,82.83333333333333
513,27.6,34.9,21.5,1013.6,71.0,1.8,0.4,3.5,84.375
45,24.7,31.5,17.0,1008.6,57.0,2.1,7.6,14.8,0.0
515,27.7,36.2,22.9,1009.9,69.0,1.9,3.0,9.4,153.375
1018,30.3,35.0,27.6,1002.6,83.0,2.3,6.5,16.5,26.58333333333333
1043,31.7,37.1,26.0,1003.2,63.0,2.9,1.7,5.4,62.375
1024,33.3,36.0,26.4,999.7,67.0,3.2,7.8,18.3,35.375
463,33.4,39.8,27.6,999.7,54.0,1.9,13.0,25.9,34.375
617,33.8,39.8,27.6,1005.5,44.0,2.4,9.8,16.5,107.29166666666669
568,12.7,19.5,8.0,1017.6,69.0,1.3,8.3,18.3,179.11666666666667
983,37.3,43.7,28.6,997.4,44.0,2.6,9.4,22.2,98.41666666666669
476,28.9,31.6,25.0,999.7,77.0,1.9,4.1,14.8,15.375
392,18.9,28.6,11.2,1012.8,73.0,0.8,1.5,7.6,197.0833333333333
467,29.9,33.7,23.3,1000.6,78.0,2.6,4.8,11.1,26.875
916,16.5,24.7,12.0,1017.4,82.0,0.6,8.0,13.0,223.2083333333333
210,16.1,24.5,8.2,1014.8,80.0,0.6,1.9,9.4,218.66666666666663
536,17.9,26.2,13.5,1016.2,75.0,0.8,2.0,11.1,190.5
351,17.2,27.8,9.8,1014.1,64.0,1.0,2.0,11.1,223.375
236,25.7,32.8,17.5,1010.3,41.0,2.6,12.8,25.9,67.79166666666667
178,16.3,22.4,10.8,1012.8,91.0,0.6,3.1,11.1,277.7083333333333
317,29.8,34.9,22.5,1004.2,68.0,2.6,6.7,18.3,38.25
608,33.3,39.4,24.8,1000.7,28.0,3.1,8.3,18.3,75.58333333333333
626,37.4,41.0,30.6,998.8,31.0,1.9,14.1,27.8,93.5
152,24.3,31.4,18.5,1011.2,72.0,1.1,0.4,3.5,261.6666666666667
0,7.4,9.8,4.8,1017.6,93.0,0.5,4.3,9.4,219.72083333333333
782,29.3,36.0,18.8,1008.8,37.0,3.2,4.8,11.1,117.75
854,27.3,33.3,24.0,1002.4,89.0,2.1,7.8,27.8,33.166666666666664
479,31.6,35.5,25.4,1001.9,63.0,1.9,5.4,11.1,22.70833333333333
409,22.5,30.2,14.5,1014.8,68.0,2.6,9.1,22.2,83.83333333333333
931,15.6,24.6,10.7,1015.7,81.0,1.3,2.8,9.4,54.79166666666666
102,26.8,35.4,24.2,999.0,93.0,1.1,6.3,14.8,36.0
495,31.5,36.9,26.6,1005.7,53.0,1.9,9.4,22.2,34.666666666666664
943,25.0,31.0,15.0,1015.7,59.0,1.9,1.7,5.4,1.9166666666666667
230,24.2,30.8,17.0,1008.2,48.0,1.9,13.1,22.2,74.29166666666667
1054,28.3,35.2,19.0,1009.4,53.0,3.4,9.1,35.9,95.25
703,23.9,32.0,14.5,1015.6,63.0,1.0,2.0,5.4,166.91666666666666
587,24.3,31.0,16.8,1010.8,66.0,3.4,6.9,14.8,59.20833333333334
933,17.6,24.0,10.1,1014.8,67.0,1.4,5.9,14.8,103.0
466,29.7,35.8,25.2,998.9,82.0,1.9,2.6,9.4,40.625
831,30.4,35.4,26.7,997.8,82.0,2.1,5.2,14.8,41.458333333333336
830,31.1,34.2,27.8,997.8,78.0,2.6,6.9,24.1,37.625
202,18.6,27.8,8.9,1014.4,65.0,1.3,5.6,57.6,200.91666666666663
505,29.4,35.1,23.7,1005.3,60.0,2.3,6.3,14.8,50.41666666666666
83,30.3,39.2,28.8,998.6,75.0,1.9,10.2,22.2,56.29166666666666
611,34.0,40.7,22.2,1004.6,24.0,2.4,11.9,22.2,0.0
844,33.4,36.5,28.6,999.9,66.0,2.9,9.8,16.5,31.91666666666667
359,15.8,22.3,10.4,1016.2,77.0,1.0,8.9,14.8,203.5833333333333
1035,27.3,33.3,24.0,1002.4,89.0,2.1,7.8,27.8,33.166666666666664
733,14.9,22.8,8.0,1018.4,73.0,1.1,5.9,13.0,182.1875
682,32.5,37.2,25.3,1003.0,59.0,3.1,1.7,7.6,24.875
371,9.8,17.6,6.4,1016.6,90.0,0.5,3.9,11.1,227.0
150,24.8,32.3,17.3,1009.7,68.0,1.4,1.5,7.6,160.66666666666666
187,12.7,19.8,5.2,1017.9,78.0,1.3,5.4,14.8,229.16666666666663
858,31.1,35.0,25.0,1003.1,64.0,3.2,10.4,18.3,0.0
423,27.6,34.3,20.8,1013.0,65.0,3.1,5.9,14.8,51.375
325,30.3,36.9,24.6,1009.1,58.0,2.6,2.8,9.4,0.0
822,34.9,39.6,29.6,999.6,61.0,2.4,7.8,14.8,49.41666666666666
874,26.8,35.2,17.5,1010.4,57.0,2.6,5.7,13.0,115.83333333333331
271,35.6,41.4,28.4,993.2,55.0,1.9,10.9,18.3,65.41666666666667
130,30.6,36.0,25.8,1007.2,74.0,1.6,2.8,7.6,76.875
729,16.3,23.0,9.8,1016.9,78.0,1.1,7.4,16.5,186.04166666666663
730,16.3,23.4,9.0,1017.3,68.0,1.3,7.8,18.3,185.5833333333333
920,13.0,19.0,9.6,1016.9,85.0,0.8,10.7,16.5,276.90833333333336
335,25.4,33.3,18.0,1014.5,60.0,1.4,2.0,5.4,151.79166666666666
633,35.7,41.2,30.0,997.6,48.0,2.3,9.3,27.8,75.125
421,24.9,32.2,19.0,1013.7,74.0,2.3,7.0,13.0,54.70833333333334
123,29.1,34.2,25.9,1003.4,76.0,1.9,5.6,9.4,34.416666666666664
754,17.7,24.4,9.7,1017.0,64.0,2.1,8.0,18.3,127.70833333333331
439,31.4,41.5,24.9,1002.2,50.0,1.8,14.8,50.0,18.875
502,29.1,34.8,27.2,1003.4,76.0,1.9,4.6,11.1,39.41666666666666
237,27.0,37.2,22.6,1009.8,49.0,1.9,15.6,27.8,56.66666666666666
1062,23.7,31.7,15.5,1017.7,69.0,1.0,1.3,5.4,99.70833333333331
142,29.4,34.5,24.3,1009.1,73.0,1.8,1.3,3.5,61.70833333333334
42,23.6,34.3,17.7,1010.4,51.0,2.6,15.9,22.2,52.33333333333334
966,33.1,39.0,24.0,1003.0,26.0,2.6,10.4,24.1,104.625
449,35.1,42.5,26.0,999.4,42.0,2.6,7.2,16.5,64.83333333333333
584,23.7,29.1,15.8,1011.9,67.0,2.1,5.2,11.1,117.58333333333331
707,22.2,30.2,13.6,1015.6,63.0,1.6,1.5,3.5,221.54166666666663
824,32.2,39.8,25.4,995.4,73.0,2.3,8.3,14.8,0.0
763,24.9,32.4,15.2,1015.0,57.0,1.9,1.7,9.4,1.8333333333333333
63,29.7,38.3,21.6,999.3,35.0,1.9,10.2,22.2,133.375
980,37.1,42.0,27.5,1000.7,30.0,2.9,8.3,18.3,106.5
877,27.3,35.0,19.0,1007.8,55.0,3.2,7.2,27.8,173.58333333333337
912,16.9,25.1,6.6,1021.3,65.0,1.1,2.0,7.6,284.7958333333333
394,22.8,29.3,18.0,1013.7,72.0,1.9,7.2,14.8,126.58333333333331
767,24.3,29.0,15.6,1011.7,56.0,1.9,10.0,18.3,76.54166666666667
746,17.4,27.2,12.2,1016.4,79.0,1.1,7.8,18.3,319.7375
627,32.7,37.5,24.7,1002.3,55.0,2.4,7.4,18.3,38.66666666666666
775,24.7,36.6,19.7,1012.8,66.0,2.4,9.4,14.8,128.33333333333334
64,32.8,40.8,25.3,1002.0,36.0,1.8,7.2,24.1,147.83333333333334
12,12.3,21.4,6.4,1019.6,70.0,1.9,6.7,14.8,152.55416666666667
382,13.3,18.4,9.8,1019.3,79.0,1.0,5.2,14.8,159.70833333333334
573,17.7,24.4,9.7,1017.0,64.0,2.1,8.0,18.3,127.70833333333331
374,12.3,18.3,4.0,1017.1,81.0,0.5,4.8,9.4,228.79166666666663
641,34.9,39.6,29.6,999.6,61.0,2.4,7.8,14.8,49.41666666666666
49,29.5,37.0,18.5,1005.2,30.0,1.9,10.6,22.2,81.83333333333333
969,33.9,39.6,25.8,1002.7,28.0,2.7,15.7,29.4,30.875
1042,30.4,35.6,25.7,1006.5,72.0,2.9,4.3,14.8,71.66666666666667
1087,16.3,23.0,6.6,1016.9,61.0,1.0,9.4,20.6,284.1666666666667
440,33.2,41.5,22.4,1002.0,38.0,2.4,14.6,22.2,61.5
332,24.5,30.4,19.6,1014.8,73.0,2.1,3.1,7.6,13.0
1076,22.7,30.8,13.6,1012.0,38.0,3.4,11.9,20.6,217.91666666666663
925,14.6,21.0,6.8,1015.6,81.0,0.6,2.4,7.6,152.55416666666667
291,31.7,37.5,28.1,1002.1,71.0,1.9,2.4,33.5,38.16666666666666
93,32.8,37.6,28.4,995.8,67.0,1.9,9.3,18.3,0.0
903,19.0,27.1,10.5,1015.1,61.0,1.6,3.3,9.4,202.875
689,29.9,35.0,23.0,1006.3,60.0,2.6,6.7,24.1,41.583333333333336
282,35.9,40.5,29.6,996.3,46.0,1.9,13.7,27.8,71.0
1040,31.3,35.0,26.0,1004.6,63.0,3.2,11.5,18.3,0.0
795,35.4,44.0,28.0,1003.2,35.0,2.7,6.5,18.3,102.41666666666669
770,24.1,29.2,14.5,1014.4,59.0,2.4,8.5,18.3,87.83333333333331
960,32.3,39.0,21.5,1007.3,39.0,3.4,5.4,13.0,21.25
234,27.2,38.0,21.0,1009.7,55.0,1.9,13.0,18.3,48.20833333333334
245,30.6,38.7,21.5,1007.0,36.0,1.9,8.3,18.3,92.08333333333331
1083,18.2,27.0,7.7,1013.7,72.0,0.6,1.1,7.6,237.625
889,20.8,29.3,12.1,1016.7,58.0,1.8,3.5,9.4,210.54166666666663
805,32.9,39.0,27.4,996.6,50.0,2.4,9.4,27.8,110.41666666666669
564,17.7,24.0,9.0,1014.5,69.0,1.4,4.4,9.4,152.32083333333338
1027,29.9,34.0,25.5,1000.2,80.0,1.4,3.3,11.1,26.83333333333333
748,15.2,22.6,6.6,1018.2,56.0,1.9,8.9,22.2,279.6
218,18.4,25.9,11.0,1017.0,65.0,2.3,6.7,14.8,130.33333333333334
839,29.2,31.0,26.0,1000.0,85.0,1.8,4.6,13.0,41.375
847,29.0,33.7,26.0,999.1,85.0,2.1,6.5,22.2,21.125
1013,31.0,35.2,26.0,997.9,80.0,2.4,7.2,18.3,53.125
808,32.7,37.5,24.7,1002.3,55.0,2.4,7.4,18.3,38.66666666666666
334,24.7,32.3,16.6,1013.3,60.0,1.8,4.4,14.8,156.0
165,18.2,28.1,10.4,1012.6,61.0,1.8,2.6,11.1,130.70833333333334
755,17.4,24.4,10.1,1018.9,61.0,2.3,6.1,11.1,109.33333333333331
385,17.3,23.8,10.4,1017.5,70.0,1.0,11.9,18.3,177.625
1051,29.9,35.0,23.0,1006.3,60.0,2.6,6.7,24.1,41.583333333333336
859,31.3,35.0,26.0,1004.6,63.0,3.2,11.5,18.3,0.0
848,31.3,34.5,27.0,997.6,71.0,3.2,12.2,22.2,18.0
246,34.8,42.8,24.2,1001.7,30.0,2.3,9.6,18.3,130.625
588,22.4,29.5,17.1,1014.1,68.0,3.4,6.3,16.5,77.20833333333333
781,29.5,36.9,21.5,1007.2,41.0,2.3,11.3,16.5,105.33333333333331
216,16.1,21.8,10.0,1017.1,82.0,1.3,5.7,11.1,120.91666666666669
369,14.7,21.6,10.2,1018.1,97.0,0.6,3.1,9.4,146.79166666666666
3,8.6,15.5,3.3,1018.7,72.0,0.8,8.1,20.6,223.2083333333333
820,32.9,38.6,27.0,999.7,64.0,2.4,8.9,16.5,79.83333333333333
865,30.7,34.8,25.6,1004.5,66.0,2.6,3.3,11.1,41.5
62,29.9,38.8,21.7,1000.8,29.0,1.9,12.0,24.1,142.5
1002,35.5,39.9,31.2,999.7,60.0,2.4,9.8,18.3,40.375
451,37.6,42.4,30.0,998.8,32.0,1.9,18.7,27.8,73.83333333333333
59,29.9,38.5,24.3,1008.3,53.0,1.9,6.7,22.2,79.91666666666667
456,33.0,42.3,27.2,997.8,56.0,1.9,13.0,25.9,32.583333333333336
716,19.2,25.9,11.9,1017.0,84.0,0.8,2.6,9.4,176.375
217,17.8,25.7,10.5,1016.3,67.0,2.1,3.7,11.1,153.625
979,33.8,39.8,27.6,1005.5,44.0,2.4,9.8,16.5,107.29166666666669
940,22.6,30.3,11.5,1015.4,57.0,2.4,5.4,11.1,69.66666666666667
697,27.2,34.5,19.5,1009.0,58.0,3.1,11.1,25.9,261.6666666666667
172,17.4,28.4,9.2,1016.6,74.0,1.1,1.5,11.1,185.9583333333333
676,30.7,34.0,25.0,1000.5,65.0,3.4,12.0,27.8,31.75
137,28.6,34.5,24.0,1006.7,81.0,1.9,3.9,9.4,41.5
113,27.4,30.8,25.4,1000.8,90.0,1.9,3.1,9.4,31.91666666666667
809,36.0,40.0,26.6,1001.7,46.0,3.1,9.1,22.2,45.375
538,17.8,26.2,11.0,1017.1,79.0,0.6,2.0,7.6,286.375
206,15.3,22.6,5.6,1013.6,67.0,1.6,4.8,11.1,165.0
823,34.4,39.4,26.0,998.3,63.0,2.3,8.0,14.8,43.66666666666666
287,30.8,34.6,26.5,996.6,74.0,1.9,6.3,14.8,160.375
318,31.0,36.3,25.3,1003.5,62.0,3.1,4.3,14.8,47.41666666666666
1034,30.8,35.2,26.8,1005.0,76.0,2.7,3.7,18.3,30.66666666666667
365,9.3,16.0,6.0,1020.0,85.0,0.6,8.1,14.8,204.375
260,31.8,38.8,24.0,1004.8,54.0,1.9,2.6,7.6,103.16666666666669
909,13.9,24.5,11.4,1015.0,95.0,0.6,8.7,14.8,169.0
373,10.5,16.3,6.8,1020.1,84.0,0.5,1.5,5.4,272.125
44,23.8,30.9,16.7,1009.0,52.0,1.6,6.5,13.0,128.33333333333334
55,29.3,37.9,20.3,1002.9,35.0,2.3,4.4,11.1,110.875
298,30.9,35.4,27.0,1000.3,75.0,1.9,4.8,16.5,29.95833333333333
696,27.3,35.0,19.0,1007.8,55.0,3.2,7.2,27.8,173.58333333333337
1090,13.9,24.5,11.4,1015.0,95.0,0.6,8.7,14.8,169.0
518,25.4,34.4,20.3,1015.0,59.0,1.9,5.6,16.5,49.33333333333334
679,31.4,36.0,26.7,1006.7,65.0,3.1,8.3,13.0,83.45833333333333
566,15.9,22.4,8.4,1017.6,66.0,2.4,7.2,16.5,332.7083333333333
756,23.1,30.0,15.6,1014.9,71.0,1.4,4.1,9.4,56.45833333333334
807,37.4,41.0,30.6,998.8,31.0,1.9,14.1,27.8,93.5
166,18.0,28.5,10.2,1013.2,68.0,1.1,2.0,11.1,194.7083333333333
330,27.6,34.5,18.6,1009.8,66.0,1.8,8.7,14.8,0.0
347,18.3,27.6,9.0,1016.4,48.0,1.3,7.4,22.2,166.875
939,20.9,27.8,15.8,1014.4,62.0,2.6,17.2,27.8,122.5
560,11.9,15.7,7.5,1018.9,86.0,0.8,6.1,11.1,107.625
117,28.4,33.1,26.0,1000.0,86.0,1.9,5.0,18.3,35.708333333333336
315,29.3,34.1,23.5,1004.1,73.0,1.8,4.3,11.1,58.125
731,16.9,25.1,6.6,1021.3,65.0,1.1,2.0,7.6,284.7958333333333
673,27.3,33.3,24.0,1002.4,89.0,2.1,7.8,27.8,33.166666666666664
768,24.3,31.0,16.8,1010.8,66.0,3.4,6.9,14.8,59.20833333333334
674,27.8,31.0,25.2,1001.3,88.0,2.4,4.6,7.6,30.625
192,12.0,22.1,9.6,1019.7,95.0,0.3,0.4,3.5,376.91666666666674
229,23.4,29.1,19.6,1011.7,69.0,1.9,4.8,9.4,103.83333333333331
551,15.5,24.1,7.7,1021.0,71.0,1.1,3.5,11.1,219.72083333333333
425,32.8,40.6,26.0,1005.8,45.0,1.9,7.2,11.1,92.91666666666669
366,10.8,17.0,6.3,1017.7,82.0,0.8,7.8,11.1,223.25
2,6.7,13.4,2.4,1019.4,82.0,0.6,4.8,11.1,154.03750000000005
846,29.9,34.0,25.5,1000.2,80.0,1.4,3.3,11.1,26.83333333333333
403,19.4,27.6,14.0,1015.2,79.0,2.3,7.8,18.3,34.916666666666664
913,15.5,24.1,7.7,1021.0,71.0,1.1,3.5,11.1,219.72083333333333
967,33.6,40.0,23.0,1003.8,27.0,2.4,9.8,18.3,109.625
574,17.4,24.4,10.1,1018.9,61.0,2.3,6.1,11.1,109.33333333333331
677,31.1,35.0,25.0,1003.1,64.0,3.2,10.4,18.3,0.0
722,19.0,27.1,10.5,1015.1,61.0,1.6,3.3,9.4,202.875
705,22.5,29.5,15.6,1013.3,56.0,1.1,11.7,22.2,192.3333333333333
906,16.3,23.0,6.6,1016.9,61.0,1.0,9.4,20.6,284.1666666666667
263,32.8,39.9,25.0,1003.3,48.0,2.6,4.6,14.8,71.95833333333333
572,17.2,26.0,11.5,1014.7,65.0,2.3,5.7,14.8,132.20833333333334
532,19.3,28.0,13.0,1014.7,61.0,1.9,5.7,18.3,157.5
322,30.1,35.7,24.0,1008.1,57.0,2.4,5.7,16.5,52.25
1023,32.6,36.0,26.2,997.8,66.0,3.4,5.6,9.4,40.333333333333336
558,13.0,19.0,9.6,1016.9,85.0,0.8,10.7,16.5,276.90833333333336
571,17.6,24.0,10.1,1014.8,67.0,1.4,5.9,14.8,103.0
350,18.4,28.8,11.7,1014.9,58.0,1.4,3.7,9.4,215.5
60,31.4,37.8,22.0,1006.9,38.0,2.3,13.7,22.2,0.0
333,23.8,31.5,16.5,1012.5,61.0,1.4,4.3,11.1,156.25
170,18.1,28.0,10.0,1016.1,66.0,1.4,1.7,7.6,118.91666666666669
195,13.4,22.3,11.5,1020.6,98.0,1.4,6.9,13.0,57.0
405,21.3,28.3,14.2,1014.7,70.0,1.6,4.1,9.4,128.83333333333334
539,20.2,27.0,12.0,1015.8,68.0,1.0,1.3,5.4,288.0833333333333
1077,21.4,29.6,12.7,1013.7,40.0,2.6,8.0,20.6,184.2083333333333
339,23.2,32.1,16.0,1013.7,62.0,1.0,3.7,11.1,232.3333333333333
541,14.8,21.0,6.8,1016.4,63.0,2.4,5.4,13.0,163.0
112,28.1,30.8,25.8,1000.6,88.0,1.9,8.0,18.3,35.375
798,33.8,39.8,27.6,1005.5,44.0,2.4,9.8,16.5,107.29166666666669
257,32.8,38.6,24.8,1002.3,40.0,1.9,9.6,18.3,83.58333333333333
973,34.0,40.7,22.2,1004.6,24.0,2.4,11.9,22.2,0.0
50,29.2,37.5,20.0,1006.1,38.0,2.6,5.9,14.8,105.33333333333331
482,27.5,30.8,25.0,1000.2,92.0,1.3,3.0,7.6,33.791666666666664
745,17.7,24.0,9.0,1014.5,69.0,1.4,4.4,9.4,152.32083333333338
292,32.5,36.5,28.2,999.9,71.0,1.9,7.8,16.5,35.958333333333336
194,14.6,22.3,9.0,1021.2,86.0,1.0,4.4,9.4,0.0
175,16.5,24.5,10.8,1012.2,74.0,1.6,10.2,22.2,121.33333333333331
31,19.0,26.8,11.7,1016.3,58.0,2.6,16.7,29.4,1.9166666666666667
72,36.8,45.1,28.0,999.1,26.0,1.9,12.0,25.9,94.375
203,19.7,26.4,15.1,1009.3,72.0,1.6,15.0,29.4,99.5
994,35.9,41.0,28.6,998.6,50.0,2.6,8.5,18.3,70.25
415,26.4,32.5,20.3,1007.4,64.0,1.9,2.4,9.4,81.20833333333333
533,20.0,29.1,11.9,1012.6,64.0,1.4,0.9,7.6,156.375
358,17.1,26.3,10.2,1015.1,54.0,1.6,2.8,11.1,110.875
337,25.1,32.3,19.4,1014.9,69.0,1.4,2.0,9.4,119.41666666666669
959,30.4,37.5,21.6,1006.3,41.0,2.6,12.0,27.8,15.166666666666664
941,22.7,30.4,12.8,1017.7,56.0,2.6,2.4,7.6,79.83333333333333
41,26.1,34.8,17.9,1008.8,54.0,2.6,11.9,18.3,64.79166666666667
264,34.8,41.7,26.5,1000.0,40.0,2.6,6.5,14.8,17.5
4,12.4,20.9,4.4,1017.3,61.0,1.3,8.7,22.2,200.64583333333337
735,16.5,24.7,12.0,1017.4,82.0,0.6,8.0,13.0,223.2083333333333
934,17.2,26.0,11.5,1014.7,65.0,2.3,5.7,14.8,132.20833333333334
699,25.4,33.4,16.5,1014.3,62.0,1.6,5.0,14.8,226.29166666666663
89,31.0,39.4,27.8,999.2,74.0,1.9,11.5,18.3,50.70833333333334
915,18.3,24.7,11.5,1018.1,85.0,0.5,1.1,7.6,154.03750000000005
486,30.9,35.5,27.7,1001.5,66.0,1.9,14.6,27.8,14.5
637,35.6,40.0,30.0,1000.7,57.0,3.1,9.4,25.9,90.70833333333331
864,32.6,37.4,27.0,1005.8,63.0,2.6,6.3,13.0,37.333333333333336
750,15.6,24.6,10.7,1015.7,81.0,1.3,2.8,9.4,54.79166666666666
1038,30.7,34.0,25.0,1000.5,65.0,3.4,12.0,27.8,31.75
593,29.8,36.2,18.2,1012.7,52.0,2.4,3.3,7.6,52.04166666666666
739,13.0,19.0,9.6,1016.9,85.0,0.8,10.7,16.5,276.90833333333336
173,16.0,26.1,9.1,1014.4,81.0,1.0,1.1,5.4,239.125
713,24.2,31.0,16.5,1013.0,36.0,2.9,13.9,22.2,160.0
908,17.8,25.0,10.7,1015.8,54.0,2.3,9.4,22.2,256.8333333333333
289,30.7,33.9,26.5,1000.8,70.0,1.9,10.0,14.8,31.45833333333333
576,23.7,29.8,18.7,1014.0,75.0,1.4,11.1,18.3,135.83333333333334
98,31.8,36.7,25.8,998.8,75.0,1.9,8.3,14.8,35.208333333333336
726,18.1,24.0,11.2,1015.4,56.0,1.8,15.9,25.9,288.4166666666667
544,14.4,21.1,6.8,1019.1,65.0,1.6,5.6,13.0,245.91666666666663
725,16.3,23.0,6.6,1016.9,61.0,1.0,9.4,20.6,284.1666666666667
104,28.5,34.4,26.3,995.5,87.0,1.6,7.0,14.8,33.166666666666664
1025,33.4,36.5,28.6,999.9,66.0,2.9,9.8,16.5,31.91666666666667
720,15.8,24.3,8.7,1015.8,77.0,0.8,1.7,7.6,312.2083333333333
988,37.4,41.0,30.6,998.8,31.0,1.9,14.1,27.8,93.5
177,15.5,24.9,9.4,1015.1,88.0,0.6,2.6,7.6,260.1666666666667
131,31.2,36.4,25.8,1004.4,69.0,1.9,2.0,7.6,83.45833333333333
595,26.2,32.0,19.5,1012.5,56.0,3.1,9.1,14.8,87.58333333333331
944,24.9,32.4,15.2,1015.0,57.0,1.9,1.7,9.4,1.8333333333333333
968,34.0,40.6,26.3,1005.5,29.0,2.6,13.9,22.2,0.0
478,29.8,33.9,25.0,1003.5,75.0,1.9,2.6,7.6,25.79166666666667
18,14.6,21.6,9.4,1018.4,72.0,2.7,9.4,18.3,54.79166666666666
691,28.6,35.0,19.8,1008.2,49.0,3.7,11.5,22.2,82.83333333333333
471,29.1,34.7,24.4,999.2,82.0,1.9,4.8,11.1,19.416666666666668
749,12.7,19.5,8.0,1017.6,69.0,1.3,8.3,18.3,179.11666666666667
247,34.5,41.7,26.2,1001.8,33.0,1.9,6.5,11.1,90.5
616,35.1,39.2,25.3,1005.1,40.0,2.4,7.2,11.1,149.58333333333334
772,27.1,33.0,19.0,1009.9,61.0,2.6,2.8,13.0,64.79166666666667
126,31.6,36.3,25.9,1002.7,58.0,2.7,15.4,25.9,30.33333333333333
1026,31.2,36.7,28.0,997.8,75.0,2.7,9.1,14.8,36.79166666666666
555,16.6,22.2,10.2,1015.4,65.0,1.8,10.0,20.6,200.64583333333337
789,33.3,39.4,24.8,1000.7,28.0,3.1,8.3,18.3,75.58333333333333
1033,31.0,35.0,26.8,1004.1,76.0,2.6,6.1,14.8,64.91666666666667
557,15.6,23.2,10.9,1015.6,82.0,0.6,4.3,9.4,236.825
207,13.1,22.6,11.0,1011.8,97.0,1.1,5.4,11.1,116.45833333333331
609,33.4,40.0,21.2,1006.3,27.0,2.6,3.7,14.8,0.0
556,18.2,25.1,12.0,1014.4,77.0,0.6,5.0,11.1,285.225
377,13.9,21.6,9.4,1019.0,79.0,1.0,1.9,14.8,217.25
157,20.9,28.1,13.6,1016.0,59.0,0.8,6.3,18.3,309.375
976,35.4,44.0,28.0,1003.2,35.0,2.7,6.5,18.3,102.41666666666669
473,31.3,36.5,27.3,999.3,73.0,2.7,8.7,14.8,0.0
253,26.9,32.1,19.0,1006.6,62.0,1.8,8.5,18.3,79.0
1009,30.7,36.9,28.8,996.8,78.0,2.3,5.4,27.8,29.83333333333333
435,35.1,42.7,25.7,1001.6,35.0,2.3,8.3,18.3,77.70833333333333
211,17.2,24.6,9.0,1014.2,75.0,1.4,8.9,14.8,211.0
884,23.9,32.0,14.5,1015.6,63.0,1.0,2.0,5.4,166.91666666666666
562,11.7,18.0,6.4,1017.3,76.0,0.8,4.4,13.0,181.01250000000005
553,18.3,24.7,11.5,1018.1,85.0,0.5,1.1,7.6,154.03750000000005
328,29.6,35.2,24.9,1009.9,59.0,1.9,3.0,20.6,70.70833333333333
710,20.8,29.0,10.5,1013.9,61.0,1.8,2.6,7.6,194.7083333333333
875,27.6,35.0,17.6,1007.6,53.0,3.1,5.9,13.0,136.70833333333334
124,30.2,35.6,25.6,1003.6,68.0,3.1,14.8,22.2,33.166666666666664
993,34.6,40.3,28.7,1001.1,51.0,2.7,10.2,25.9,77.66666666666667
937,23.1,30.0,15.6,1014.9,71.0,1.4,4.1,9.4,56.45833333333334
30,18.2,26.1,12.2,1016.3,54.0,1.9,24.4,33.5,21.20833333333333
512,28.2,34.9,22.9,1012.7,70.0,1.9,3.9,9.4,65.375
945,26.8,33.4,15.7,1014.5,52.0,2.4,4.6,9.4,1.7916666666666667
22,18.1,26.7,10.2,1013.8,61.0,2.6,5.0,11.1,127.70833333333331
182,12.3,20.6,6.2,1019.4,71.0,1.3,4.4,18.3,169.0
461,31.9,37.8,25.0,1001.8,61.0,1.9,4.3,9.4,37.583333333333336
65,34.1,42.0,23.7,1001.4,29.0,1.9,9.3,18.3,158.29166666666666
868,32.4,36.4,27.5,1007.8,65.0,3.1,3.5,11.1,29.0
422,26.4,32.5,20.0,1012.8,68.0,2.6,3.0,11.1,52.625
153,23.0,31.0,18.0,1010.6,71.0,0.8,2.6,9.4,272.4166666666667
991,37.7,42.0,30.7,1000.9,37.0,2.6,11.9,22.2,65.16666666666667
773,26.5,32.8,19.5,1010.5,45.0,2.9,12.2,25.9,62.875
488,32.0,35.6,27.0,1000.9,64.0,3.4,10.0,20.6,27.375
812,34.6,40.3,28.7,1001.1,51.0,2.7,10.2,25.9,77.66666666666667
548,14.4,21.5,5.5,1021.0,60.0,1.8,8.9,18.3,210.875
1071,20.7,28.8,10.6,1017.8,56.0,1.8,6.1,16.5,251.2083333333333
857,30.7,34.0,25.0,1000.5,65.0,3.4,12.0,27.8,31.75
1055,26.8,35.2,17.5,1010.4,57.0,2.6,5.7,13.0,115.83333333333331
758,20.9,27.8,15.8,1014.4,62.0,2.6,17.2,27.8,122.5
970,33.3,39.4,24.8,1000.7,28.0,3.1,8.3,18.3,75.58333333333333
278,29.5,36.6,25.5,1000.9,76.0,1.8,5.7,14.8,113.33333333333331
193,14.5,21.0,8.6,1023.2,88.0,1.3,3.5,7.6,0.0
6,13.4,21.0,9.2,1015.1,87.0,0.5,1.5,7.6,236.825
492,32.1,36.6,28.0,1000.8,56.0,1.9,15.4,25.9,44.125
279,28.9,36.6,26.1,998.4,80.0,1.9,5.2,14.8,146.20833333333334
26,19.3,26.9,12.1,1015.6,74.0,1.6,5.9,11.1,122.5
582,24.9,32.4,15.2,1015.0,57.0,1.9,1.7,9.4,1.8333333333333333
645,29.6,32.0,25.7,997.6,80.0,2.3,2.0,7.6,47.75
711,22.0,31.0,10.7,1013.2,56.0,1.8,2.4,14.8,250.875
1039,31.1,35.0,25.0,1003.1,64.0,3.2,10.4,18.3,0.0
590,26.8,33.0,19.0,1008.8,61.0,2.3,3.5,11.1,123.70833333333331
375,12.1,18.3,9.0,1017.5,86.0,0.6,5.2,9.4,200.875
432,30.9,38.9,21.7,1006.7,44.0,2.7,3.0,11.1,103.41666666666669
1021,29.1,32.6,26.4,998.6,85.0,1.8,5.9,13.0,25.54166666666667
74,36.2,43.6,29.3,998.4,32.0,2.3,8.1,20.6,110.41666666666669
78,32.4,38.5,26.6,1001.0,63.0,2.3,13.3,22.2,45.375
744,14.6,21.0,6.8,1015.6,81.0,0.6,2.4,7.6,152.55416666666667
402,18.6,27.3,12.5,1014.0,79.0,2.6,3.9,13.0,49.58333333333334
301,31.2,35.7,27.6,999.0,62.0,1.9,14.6,27.8,25.08333333333333
605,33.6,40.0,23.0,1003.8,27.0,2.4,9.8,18.3,109.625
10,12.2,19.9,6.2,1021.0,69.0,2.1,4.4,18.3,125.89166666666668
356,20.3,28.1,14.0,1013.6,52.0,1.9,9.3,22.2,99.91666666666669
199,14.8,21.1,10.0,1019.3,86.0,0.5,3.0,11.1,315.7916666666667
324,31.0,36.9,24.3,1010.1,54.0,3.1,3.1,11.1,41.958333333333336
296,31.0,34.0,29.0,996.8,71.0,1.9,5.6,16.5,26.41666666666667
985,36.2,41.5,30.7,995.3,50.0,2.9,10.9,18.3,118.5
776,26.2,32.0,19.5,1012.5,56.0,3.1,9.1,14.8,87.58333333333331
546,13.7,21.0,5.6,1018.8,71.0,1.3,1.5,7.6,253.29166666666663
681,31.7,37.1,26.0,1003.2,63.0,2.9,1.7,5.4,62.375
712,21.4,30.6,10.8,1011.9,54.0,2.6,7.8,18.3,274.875
458,26.5,36.8,22.4,994.9,86.0,1.8,6.3,11.1,28.54166666666667
393,22.9,29.3,17.0,1012.4,78.0,1.6,7.6,14.8,166.375
648,33.3,37.0,27.8,996.2,68.0,2.6,6.7,11.1,29.66666666666667
295,31.4,36.6,27.0,995.3,72.0,1.9,5.7,13.0,33.708333333333336
309,29.5,35.3,24.6,1001.1,71.0,2.3,10.9,48.2,19.541666666666668
675,30.7,34.0,25.5,1000.1,73.0,2.6,13.7,22.2,30.33333333333333
928,15.9,22.4,8.4,1017.6,66.0,2.4,7.2,16.5,332.7083333333333
239,29.1,36.5,20.5,1009.2,53.0,1.8,2.6,11.1,123.58333333333331
212,17.9,25.2,10.3,1017.4,70.0,1.1,0.9,7.6,52.20833333333334
437,29.9,35.9,22.0,1007.4,56.0,2.6,4.4,11.1,55.08333333333334
219,19.8,27.1,12.8,1017.2,66.0,2.6,9.8,24.1,110.70833333333331
769,22.4,29.5,17.1,1014.1,68.0,3.4,6.3,16.5,77.20833333333333
815,36.0,41.0,27.6,997.7,46.0,2.4,12.8,25.9,77.0
114,30.1,34.6,27.2,1000.0,79.0,1.9,10.2,18.3,35.291666666666664
738,15.6,23.2,10.9,1015.6,82.0,0.6,4.3,9.4,236.825
958,29.9,37.0,19.5,1008.3,39.0,2.7,4.4,9.4,23.20833333333333
13,13.7,22.0,7.0,1018.2,63.0,1.8,7.2,18.3,152.32083333333338
552,14.9,22.8,8.0,1018.4,73.0,1.1,5.9,13.0,182.1875
643,32.2,39.8,25.4,995.4,73.0,2.3,8.3,14.8,0.0
372,10.1,14.5,7.2,1019.2,90.0,0.3,3.3,7.6,231.25
56,30.5,38.6,20.7,1003.4,36.0,1.9,7.6,14.8,42.95833333333334
346,18.5,27.6,11.7,1016.6,56.0,1.3,3.3,11.1,257.6666666666667
1065,23.9,32.0,14.5,1015.6,63.0,1.0,2.0,5.4,166.91666666666666
321,30.0,35.8,24.2,1007.7,58.0,2.6,9.6,18.3,45.95833333333334
666,29.0,33.7,26.0,999.1,85.0,2.1,6.5,22.2,21.125
40,27.1,34.8,17.7,1009.7,52.0,1.6,6.1,11.1,123.70833333333331
267,37.9,45.5,30.1,993.1,38.0,1.9,5.9,16.5,84.33333333333333
919,15.6,23.2,10.9,1015.6,82.0,0.6,4.3,9.4,236.825
97,29.2,35.4,24.6,996.4,81.0,1.8,7.4,14.8,29.83333333333333
948,24.3,29.0,15.6,1011.7,56.0,1.9,10.0,18.3,76.54166666666667
625,34.6,39.0,26.0,998.4,49.0,2.4,6.7,16.5,95.83333333333331
133,29.9,36.2,23.4,1002.5,66.0,1.9,1.9,7.6,69.70833333333333
168,21.3,28.8,15.0,1011.9,58.0,1.9,9.6,16.5,110.0
209,15.1,23.3,7.1,1016.7,77.0,0.8,1.9,7.6,231.125
850,32.6,36.0,27.6,999.6,70.0,2.7,10.6,20.6,46.04166666666666
952,26.8,33.0,19.0,1008.8,61.0,2.3,3.5,11.1,123.70833333333331
510,28.6,36.0,21.8,1004.3,65.0,1.9,6.1,24.1,80.70833333333333
411,26.8,35.1,18.5,1011.7,68.0,2.3,2.6,11.1,101.375
7,14.3,22.6,6.6,1016.3,76.0,0.8,0.4,3.5,276.90833333333336
1060,26.4,33.0,18.4,1012.4,60.0,2.6,4.6,14.8,272.4166666666667
266,37.8,45.1,28.6,993.3,34.0,1.9,6.7,18.3,76.20833333333333
911,16.3,23.4,9.0,1017.3,68.0,1.3,7.8,18.3,185.5833333333333
672,30.8,35.2,26.8,1005.0,76.0,2.7,3.7,18.3,30.66666666666667
95,31.1,35.0,27.9,1000.1,81.0,1.9,7.2,11.1,49.125
972,33.2,40.3,22.2,1005.1,29.0,2.3,5.0,14.8,0.0
149,25.0,32.8,17.6,1010.8,69.0,1.4,1.1,5.4,136.70833333333334
849,31.7,34.0,26.4,999.0,71.0,2.6,2.0,11.1,43.58333333333334
75,35.6,42.6,30.2,999.3,41.0,1.9,8.1,20.6,95.83333333333331
76,33.6,40.6,24.8,998.8,47.0,1.9,10.6,18.3,72.25
634,36.0,41.0,27.6,997.7,46.0,2.4,12.8,25.9,77.0
101,30.9,35.4,25.8,995.0,77.0,1.9,10.4,18.3,38.583333333333336
465,31.2,35.8,24.8,998.6,77.0,1.9,2.8,11.1,45.66666666666666
37,22.6,33.0,18.1,1013.1,67.0,2.1,11.3,22.2,59.20833333333334
816,32.6,40.7,26.0,996.9,59.0,2.6,11.9,29.4,32.958333333333336
493,31.9,36.6,27.5,1001.7,54.0,1.9,12.8,24.1,62.25
258,32.4,40.6,23.2,1005.2,45.0,2.7,8.9,14.8,40.66666666666666
115,29.7,34.9,26.1,1000.3,79.0,1.9,8.3,18.3,26.83333333333333
741,11.9,15.7,7.5,1018.9,86.0,0.8,6.1,11.1,107.625
265,38.5,44.9,30.8,994.0,31.0,1.9,13.1,29.4,101.0
1050,30.3,35.0,24.7,1007.3,62.0,2.3,7.6,18.3,60.54166666666666
752,17.6,24.0,10.1,1014.8,67.0,1.4,5.9,14.8,103.0
825,28.4,36.6,24.4,998.1,82.0,2.4,5.2,9.4,29.66666666666667
860,31.4,36.0,26.7,1006.7,65.0,3.1,8.3,13.0,83.45833333333333
25,16.9,23.5,10.1,1016.8,80.0,1.3,5.2,22.2,135.83333333333334
53,28.2,36.6,21.9,1007.1,45.0,1.9,6.5,16.5,46.91666666666666
873,28.3,35.2,19.0,1009.4,53.0,3.4,9.1,35.9,95.25
834,34.1,37.0,28.5,998.5,63.0,3.2,13.0,22.2,70.58333333333333
110,32.2,36.1,27.4,1000.8,69.0,1.9,9.3,14.8,28.375
784,31.6,38.0,23.2,1002.6,30.0,3.1,18.7,35.2,46.91666666666666
986,32.9,39.0,27.4,996.6,50.0,2.4,9.4,27.8,110.41666666666669
904,18.0,26.6,10.5,1017.1,61.0,1.9,8.0,14.8,260.1666666666667
977,33.2,38.0,25.0,1004.6,41.0,2.7,4.6,9.4,158.29166666666666
600,29.5,36.9,21.5,1007.2,41.0,2.3,11.3,16.5,105.33333333333331
474,30.0,36.6,27.0,998.8,76.0,2.6,16.9,25.9,0.0
8,12.7,18.9,7.3,1021.2,76.0,1.8,6.1,16.5,108.0
640,35.5,39.9,31.2,999.7,60.0,2.4,9.8,18.3,40.375
628,36.0,40.0,26.6,1001.7,46.0,3.1,9.1,22.2,45.375
397,20.0,27.6,14.5,1009.8,42.0,1.9,6.7,11.1,69.25
667,31.3,34.5,27.0,997.6,71.0,3.2,12.2,22.2,18.0
1036,27.8,31.0,25.2,1001.3,88.0,2.4,4.6,7.6,30.625
935,17.7,24.4,9.7,1017.0,64.0,2.1,8.0,18.3,127.70833333333331
826,29.6,32.0,25.7,997.6,80.0,2.3,2.0,7.6,47.75
501,30.4,35.9,26.0,1003.6,78.0,1.6,2.0,7.6,51.66666666666666
92,33.9,39.2,27.8,995.2,62.0,1.9,8.9,14.8,61.875
623,36.2,41.5,30.7,995.3,50.0,2.9,10.9,18.3,118.5
54,28.3,36.4,20.1,1004.0,47.0,1.9,6.3,14.8,104.625
167,21.1,28.8,13.8,1012.8,57.0,1.6,9.4,22.2,134.45833333333334
66,34.1,42.0,26.8,1000.8,32.0,1.9,7.8,14.8,149.58333333333334
636,34.7,38.0,30.5,995.4,55.0,2.4,10.4,18.3,40.833333333333336
434,34.1,42.7,27.0,1003.2,29.0,1.9,12.2,27.8,86.375
160,19.1,25.6,12.4,1016.6,79.0,0.8,0.4,3.5,192.3333333333333
570,17.1,23.2,9.0,1017.1,69.0,1.8,5.9,11.1,93.375
927,17.4,27.2,12.2,1016.4,79.0,1.1,7.8,18.3,319.7375
129,29.3,35.0,24.1,1007.6,70.0,1.9,4.3,11.1,0.0
517,26.4,34.4,18.3,1012.8,53.0,2.1,5.4,14.8,0.0
100,31.7,37.2,26.8,998.3,78.0,1.9,7.8,11.1,41.458333333333336
14,14.9,21.9,7.1,1018.3,73.0,0.6,2.0,7.6,319.7375
1022,30.9,35.0,26.0,997.4,73.0,2.6,6.5,11.1,28.375
1044,32.5,37.2,25.3,1003.0,59.0,3.1,1.7,7.6,24.875
215,16.3,21.3,12.0,1015.1,90.0,1.1,4.3,13.0,123.125
646,33.6,36.7,28.8,996.7,66.0,5.8,5.9,11.1,43.66666666666666
1081,17.8,24.8,11.2,1017.0,74.0,0.6,0.7,7.6,365.29166666666674
531,18.8,28.5,11.5,1015.4,69.0,0.8,1.3,3.5,278.3333333333333
946,23.7,29.1,15.8,1011.9,67.0,2.1,5.2,11.1,117.58333333333331
1008,33.6,36.7,28.8,996.7,66.0,5.8,5.9,11.1,43.66666666666666
619,36.5,43.0,27.0,1001.8,35.0,2.6,4.1,22.2,128.125
340,22.5,29.3,16.6,1014.0,57.0,1.3,5.4,11.1,215.54166666666663
352,16.4,26.6,8.0,1015.0,57.0,1.3,2.6,14.8,135.58333333333334
254,29.7,35.4,23.0,1004.1,48.0,1.8,11.1,16.5,133.70833333333334
252,25.2,30.6,18.0,1008.2,71.0,2.6,10.0,20.6,60.54166666666666
1006,28.4,36.6,24.4,998.1,82.0,2.4,5.2,9.4,29.66666666666667
592,26.5,32.8,19.5,1010.5,45.0,2.9,12.2,25.9,62.875
70,36.2,44.6,25.9,999.2,29.0,1.9,15.0,27.8,101.95833333333331
701,23.4,31.1,14.2,1016.0,60.0,1.1,3.0,7.6,217.375
420,25.8,32.5,18.6,1010.3,58.0,2.7,9.1,24.1,53.125
521,22.9,31.4,16.2,1016.1,73.0,1.4,0.9,3.5,256.9583333333333
452,31.9,41.6,28.0,998.8,52.0,2.3,9.4,14.8,31.875
39,24.6,31.7,17.9,1008.5,68.0,2.3,14.1,27.8,98.70833333333331
306,34.1,39.4,29.0,1001.5,49.0,3.1,10.0,18.3,43.04166666666666
1069,22.2,30.2,13.6,1015.6,63.0,1.6,1.5,3.5,221.54166666666663
975,38.0,44.0,23.8,1001.1,20.0,2.6,9.6,29.4,133.375
155,23.8,30.5,18.4,1013.5,71.0,1.6,1.3,3.5,99.70833333333331
243,30.5,38.8,20.6,1006.0,41.0,2.4,8.1,22.2,121.20833333333331
224,21.7,28.4,16.2,1013.1,61.0,2.3,10.2,22.2,80.04166666666667
543,15.2,22.2,7.0,1016.5,60.0,2.4,7.0,14.8,157.375
866,31.4,35.2,26.0,1005.8,62.0,3.1,2.0,7.6,48.91666666666666
1078,19.2,25.9,11.9,1017.0,84.0,0.8,2.6,9.4,176.375
28,17.7,26.5,9.8,1015.3,73.0,1.4,4.8,14.8,79.83333333333333
680,30.4,35.6,25.7,1006.5,72.0,2.9,4.3,14.8,71.66666666666667
1007,29.6,32.0,25.7,997.6,80.0,2.3,2.0,7.6,47.75
665,29.9,34.0,25.5,1000.2,80.0,1.4,3.3,11.1,26.83333333333333
417,24.4,34.7,19.0,1004.6,76.0,3.1,7.0,14.8,28.45833333333333
107,29.0,33.7,26.9,996.5,82.0,1.9,9.8,14.8,15.416666666666664
80,34.1,43.2,25.7,997.9,57.0,1.9,7.4,14.8,66.08333333333333
787,34.0,40.6,26.3,1005.5,29.0,2.6,13.9,22.2,0.0
43,23.2,29.6,16.7,1008.6,54.0,1.9,13.1,22.2,52.04166666666666
895,22.7,30.8,13.6,1012.0,38.0,3.4,11.9,20.6,217.91666666666663
774,29.8,36.2,18.2,1012.7,52.0,2.4,3.3,7.6,52.04166666666666
481,28.8,34.4,25.3,1001.7,88.0,1.6,1.7,7.6,47.41666666666666
1057,27.7,35.0,18.6,1006.9,52.0,3.1,7.8,28.7,160.66666666666666
116,27.7,30.7,24.8,1001.8,88.0,1.9,7.2,14.8,21.125
299,32.0,36.6,27.0,998.1,63.0,2.3,20.7,27.8,23.875
649,31.1,34.2,27.8,997.8,78.0,2.6,6.9,24.1,37.625
897,19.2,25.9,11.9,1017.0,84.0,0.8,2.6,9.4,176.375
407,17.7,27.3,16.0,1015.3,92.0,1.9,11.5,18.3,20.291666666666668
248,31.8,41.7,26.2,1003.7,43.0,1.9,7.4,18.3,55.41666666666666
154,24.1,30.1,16.7,1014.0,62.0,1.4,3.3,11.1,149.625
621,37.3,43.7,28.6,997.4,44.0,2.6,9.4,22.2,98.41666666666669
376,12.3,19.0,5.8,1019.3,82.0,0.5,0.9,7.6,214.04166666666663
327,30.9,37.2,24.5,1008.3,65.0,1.6,1.1,5.4,45.75
158,20.1,27.1,14.0,1015.5,78.0,0.6,3.9,11.1,321.5416666666667
607,33.9,39.6,25.8,1002.7,28.0,2.7,15.7,29.4,30.875
262,32.9,41.6,25.6,1003.0,44.0,2.9,17.4,55.4,44.79166666666666
764,26.8,33.4,15.7,1014.5,52.0,2.4,4.6,9.4,1.7916666666666667
184,14.3,19.2,10.9,1020.5,91.0,1.6,4.8,11.1,0.0
1075,24.2,31.0,16.5,1013.0,36.0,2.9,13.9,22.2,160.0
685,31.4,35.2,26.0,1005.8,62.0,3.1,2.0,7.6,48.91666666666666
1037,30.7,34.0,25.5,1000.1,73.0,2.6,13.7,22.2,30.33333333333333
924,11.7,18.0,6.4,1017.3,76.0,0.8,4.4,13.0,181.01250000000005
368,14.9,21.6,8.8,1017.4,76.0,0.8,0.9,7.6,172.75
222,19.7,27.6,12.0,1015.2,66.0,1.9,5.7,13.0,146.54166666666666
765,23.7,29.1,15.8,1011.9,67.0,2.1,5.2,11.1,117.58333333333331
378,13.4,20.7,9.8,1020.1,80.0,0.8,7.2,11.1,212.4583333333333
700,23.7,31.7,15.5,1017.7,69.0,1.0,1.3,5.4,99.70833333333331
936,17.4,24.4,10.1,1018.9,61.0,2.3,6.1,11.1,109.33333333333331
77,31.9,40.6,26.7,1002.0,61.0,1.9,13.5,20.6,38.66666666666666
780,33.4,39.1,24.8,1008.0,47.0,2.1,2.6,7.6,25.75
329,27.6,34.6,22.2,1010.0,56.0,2.3,3.3,11.1,51.79166666666666
362,11.7,17.6,7.4,1022.3,85.0,0.3,0.4,3.5,349.29166666666674
1074,21.4,30.6,10.8,1011.9,54.0,2.6,7.8,18.3,274.875
790,33.4,40.0,21.2,1006.3,27.0,2.6,3.7,14.8,0.0
753,17.2,26.0,11.5,1014.7,65.0,2.3,5.7,14.8,132.20833333333334
890,20.7,28.8,10.6,1017.8,56.0,1.8,6.1,16.5,251.2083333333333
46,25.6,33.8,17.9,1008.7,47.0,2.1,4.4,13.0,23.20833333333333
225,21.5,29.2,15.0,1010.8,59.0,2.6,7.4,18.3,100.04166666666669
899,19.3,27.0,11.7,1019.6,57.0,1.8,5.2,11.1,195.375
201,15.3,24.4,6.8,1016.9,79.0,0.6,1.9,7.6,246.04166666666663
591,27.1,33.0,19.0,1009.9,61.0,2.6,2.8,13.0,64.79166666666667
663,33.4,36.5,28.6,999.9,66.0,2.9,9.8,16.5,31.91666666666667
162,17.6,25.6,11.2,1015.2,68.0,1.1,3.5,14.8,196.75
811,37.6,43.0,28.7,1001.2,42.0,2.4,2.8,11.1,67.08333333333333
161,17.8,26.2,11.0,1014.3,68.0,1.0,3.0,11.1,224.16666666666663
23,18.3,23.2,12.7,1011.2,75.0,1.9,10.0,22.2,109.33333333333331
367,10.4,19.2,4.8,1018.6,71.0,0.8,2.8,11.1,248.9583333333333
300,30.5,36.2,25.4,997.3,65.0,2.3,18.5,29.4,22.33333333333333
794,38.0,44.0,23.8,1001.1,20.0,2.6,9.6,29.4,133.375
788,33.9,39.6,25.8,1002.7,28.0,2.7,15.7,29.4,30.875
978,35.1,39.2,25.3,1005.1,40.0,2.4,7.2,11.1,149.58333333333334
1089,17.8,25.0,10.7,1015.8,54.0,2.3,9.4,22.2,256.8333333333333
5,16.0,25.2,10.0,1013.2,79.0,0.6,4.8,11.1,285.225
1059,27.2,34.5,19.5,1009.0,58.0,3.1,11.1,25.9,261.6666666666667
660,30.9,35.0,26.0,997.4,73.0,2.6,6.5,11.1,28.375
670,31.2,35.9,26.1,1000.4,71.0,3.2,8.7,18.3,28.75
1005,32.2,39.8,25.4,995.4,73.0,2.3,8.3,14.8,0.0
33,22.6,30.6,15.7,1015.4,62.0,2.6,8.1,20.6,105.83333333333331
882,23.4,31.1,14.2,1016.0,60.0,1.1,3.0,7.6,217.375
863,32.5,37.2,25.3,1003.0,59.0,3.1,1.7,7.6,24.875
956,24.7,36.6,19.7,1012.8,66.0,2.4,9.4,14.8,128.33333333333334
922,11.9,15.7,7.5,1018.9,86.0,0.8,6.1,11.1,107.625
818,35.6,40.0,30.0,1000.7,57.0,3.1,9.4,25.9,90.70833333333331
436,28.3,38.7,23.8,1006.5,65.0,2.4,7.8,14.8,48.5
81,34.2,39.8,29.1,996.7,64.0,1.9,13.7,18.3,77.66666666666667
355,20.1,29.0,13.8,1014.3,52.0,1.9,7.2,22.2,91.75
732,15.5,24.1,7.7,1021.0,71.0,1.1,3.5,11.1,219.72083333333333
508,28.6,35.6,22.7,1009.0,72.0,1.9,6.5,18.3,112.29166666666669
802,37.3,43.7,28.6,997.4,44.0,2.6,9.4,22.2,98.41666666666669
554,16.5,24.7,12.0,1017.4,82.0,0.6,8.0,13.0,223.2083333333333
964,30.9,37.0,19.0,1008.9,33.0,2.6,6.9,14.8,20.791666666666668
51,31.1,37.8,21.7,1005.6,34.0,1.8,8.1,27.8,117.75
1010,33.3,37.0,27.8,996.2,68.0,2.6,6.7,11.1,29.66666666666667
86,29.7,35.5,24.8,999.0,76.0,1.9,4.3,14.8,80.625
408,21.1,28.3,14.0,1014.8,69.0,2.4,5.4,13.0,59.16666666666666
618,37.1,42.0,27.5,1000.7,30.0,2.9,8.3,18.3,106.5
469,33.4,37.0,27.0,994.1,61.0,1.9,17.2,29.4,10.208333333333334
1028,29.0,33.7,26.0,999.1,85.0,2.1,6.5,22.2,21.125
197,14.3,20.3,9.9,1019.1,88.0,0.6,8.9,14.8,205.125
1072,20.8,29.0,10.5,1013.9,61.0,1.8,2.6,7.6,194.7083333333333
876,27.7,35.0,18.6,1006.9,52.0,3.1,7.8,28.7,160.66666666666666
443,35.3,45.5,24.4,999.2,33.0,2.3,17.0,55.4,63.91666666666666
457,30.4,34.4,25.3,997.0,70.0,1.9,5.6,20.6,28.375
200,13.9,21.1,10.8,1019.8,83.0,0.8,2.6,7.6,322.25
737,18.2,25.1,12.0,1014.4,77.0,0.6,5.0,11.1,285.225
472,31.5,35.7,25.7,999.9,74.0,1.9,8.1,13.0,8.416666666666666
635,32.6,40.7,26.0,996.9,59.0,2.6,11.9,29.4,32.958333333333336
424,32.0,40.6,21.6,1003.9,45.0,2.7,4.3,9.4,94.33333333333331
1041,31.4,36.0,26.7,1006.7,65.0,3.1,8.3,13.0,83.45833333333333
982,37.3,42.4,27.4,1002.4,32.0,2.6,4.8,14.8,108.0
281,34.9,40.3,28.6,996.8,48.0,1.9,9.6,25.9,60.625
274,33.3,39.0,25.3,997.7,56.0,1.9,9.8,16.5,49.125
603,31.6,38.0,23.2,1002.6,30.0,3.1,18.7,35.2,46.91666666666666
164,17.8,26.9,11.4,1015.4,67.0,1.4,7.2,20.6,166.70833333333334
151,24.1,30.0,17.5,1011.2,74.0,1.0,1.5,9.4,245.66666666666663
156,22.4,28.6,16.3,1014.6,67.0,1.0,5.4,11.1,217.375
484,30.9,35.8,28.6,1001.8,78.0,1.9,3.3,14.8,41.708333333333336
280,34.0,38.8,26.8,998.1,55.0,1.9,5.6,14.8,112.29166666666669
341,22.7,31.1,15.8,1014.5,54.0,1.4,7.2,20.6,239.41666666666663
724,17.2,24.2,10.0,1017.2,58.0,1.6,9.3,22.2,403.95833333333326
793,34.7,41.5,22.0,1001.7,24.0,2.3,8.5,16.5,142.5
87,33.0,38.4,25.3,997.6,58.0,1.8,4.8,13.0,90.70833333333331
171,17.2,28.4,9.8,1015.8,73.0,1.1,1.9,11.1,176.375
1092,16.3,23.4,9.0,1017.3,68.0,1.3,7.8,18.3,185.5833333333333
364,9.5,17.5,5.6,1018.1,84.0,0.5,0.9,3.5,310.25
838,28.3,35.8,26.8,1003.9,89.0,1.6,4.3,11.1,57.58333333333334
686,31.9,36.0,26.5,1007.2,66.0,2.3,2.4,7.6,26.66666666666667
516,26.6,36.2,21.0,1012.0,68.0,1.6,2.0,7.6,162.875
585,23.4,29.1,17.0,1011.4,63.0,2.1,6.7,16.5,122.70833333333331
950,22.4,29.5,17.1,1014.1,68.0,3.4,6.3,16.5,77.20833333333333
1045,32.6,37.4,27.0,1005.8,63.0,2.6,6.3,13.0,37.333333333333336
704,23.2,30.2,14.0,1012.6,55.0,1.1,7.4,18.3,278.0
499,31.8,37.9,26.8,1003.5,59.0,1.9,2.6,9.4,94.375
721,18.2,27.0,7.7,1013.7,72.0,0.6,1.1,7.6,237.625
799,37.1,42.0,27.5,1000.7,30.0,2.9,8.3,18.3,106.5
412,28.6,36.5,20.3,1012.4,59.0,1.8,9.3,55.4,109.75
575,23.1,30.0,15.6,1014.9,71.0,1.4,4.1,9.4,56.45833333333334
272,37.9,43.0,31.0,991.5,44.0,2.3,17.8,25.9,54.66666666666666
656,30.3,35.0,27.6,1002.6,83.0,2.3,6.5,16.5,26.58333333333333
198,16.6,24.0,10.1,1018.8,75.0,1.3,10.0,14.8,214.125
561,12.0,17.0,6.7,1019.8,75.0,1.3,7.6,13.0,125.89166666666668
213,18.9,26.2,12.5,1014.4,72.0,1.3,2.4,9.4,187.5
894,24.2,31.0,16.5,1013.0,36.0,2.9,13.9,22.2,160.0
526,22.1,29.8,16.1,1015.0,77.0,1.3,0.7,3.5,176.875
853,30.8,35.2,26.8,1005.0,76.0,2.7,3.7,18.3,30.66666666666667
684,30.7,34.8,25.6,1004.5,66.0,2.6,3.3,11.1,41.5
792,34.0,40.7,22.2,1004.6,24.0,2.4,11.9,22.2,0.0
387,15.7,25.6,7.4,1016.9,68.0,1.4,1.9,7.6,161.16666666666666
791,33.2,40.3,22.2,1005.1,29.0,2.3,5.0,14.8,0.0
52,29.8,36.6,21.4,1007.8,37.0,1.9,8.1,18.3,84.5
430,31.2,39.4,24.2,1005.8,52.0,2.7,5.4,14.8,48.125
1058,27.3,35.0,19.0,1007.8,55.0,3.2,7.2,27.8,173.58333333333337
819,31.1,40.1,26.0,999.8,74.0,2.4,7.6,14.8,97.29166666666669
630,37.6,43.0,28.7,1001.2,42.0,2.4,2.8,11.1,67.08333333333333
1031,32.6,36.0,27.6,999.6,70.0,2.7,10.6,20.6,46.04166666666666
698,26.4,33.0,18.4,1012.4,60.0,2.6,4.6,14.8,272.4166666666667
232,26.8,35.2,17.7,1005.7,50.0,1.9,7.2,14.8,106.16666666666669
693,26.8,35.2,17.5,1010.4,57.0,2.6,5.7,13.0,115.83333333333331
410,24.9,31.7,15.8,1014.8,65.0,2.6,5.9,13.0,89.375
118,27.4,33.5,24.4,999.1,90.0,1.1,5.4,18.3,43.58333333333334
496,31.9,36.9,26.8,1005.8,54.0,2.7,11.9,35.2,39.208333333333336
413,27.7,35.6,20.4,1011.7,54.0,2.7,7.4,24.1,42.91666666666666
921,12.3,19.0,8.9,1015.8,91.0,0.5,4.6,9.4,108.0
491,32.2,36.8,28.4,1002.0,61.0,2.6,14.6,24.1,27.83333333333333
169,19.0,28.8,12.5,1014.7,72.0,1.6,2.8,9.4,160.0
930,12.7,19.5,8.0,1017.6,69.0,1.3,8.3,18.3,179.11666666666667
181,13.6,20.4,7.5,1020.7,67.0,1.1,10.2,40.7,166.91666666666666
303,33.3,38.4,28.0,1002.5,54.0,1.9,8.9,18.3,64.875
84,30.4,38.6,27.8,997.7,73.0,1.9,8.0,22.2,77.0
829,33.3,37.0,27.8,996.2,68.0,2.6,6.7,11.1,29.66666666666667
135,26.3,34.1,24.0,1003.4,87.0,1.9,6.1,11.1,24.875
1067,22.5,29.5,15.6,1013.3,56.0,1.1,11.7,22.2,192.3333333333333
540,19.2,26.9,11.6,1015.4,78.0,1.0,4.8,14.8,302.4583333333333
304,32.6,38.4,28.0,1001.3,51.0,1.9,10.9,27.8,47.58333333333334
73,37.7,45.0,30.5,998.1,32.0,1.9,10.0,22.2,107.625
880,25.4,33.4,16.5,1014.3,62.0,1.6,5.0,14.8,226.29166666666663
316,29.0,34.8,24.6,1004.3,71.0,1.9,6.7,14.8,57.29166666666666
714,22.7,30.8,13.6,1012.0,38.0,3.4,11.9,20.6,217.91666666666663
32,18.7,27.8,13.3,1016.2,69.0,2.4,7.4,25.9,1.8333333333333333
687,32.4,36.4,27.5,1007.8,65.0,3.1,3.5,11.1,29.0
728,13.9,24.5,11.4,1015.0,95.0,0.6,8.7,14.8,169.0
885,23.2,30.2,14.0,1012.6,55.0,1.1,7.4,18.3,278.0
240,25.6,32.3,20.0,1011.4,64.0,1.9,5.0,14.8,80.29166666666667
804,36.2,41.5,30.7,995.3,50.0,2.9,10.9,18.3,118.5
132,31.6,36.8,25.9,1001.5,63.0,2.4,3.9,11.1,71.66666666666667
227,24.6,32.7,16.5,1010.6,64.0,1.8,2.8,11.1,110.16666666666669
706,21.7,30.0,12.2,1014.5,52.0,1.1,6.3,16.5,235.3333333333333
843,33.3,36.0,26.4,999.7,67.0,3.2,7.8,18.3,35.375
459,31.5,36.8,24.0,994.7,62.0,1.8,11.7,22.2,51.04166666666666
379,13.3,17.5,9.5,1021.2,79.0,0.8,3.7,7.6,202.66666666666663
803,37.3,42.8,31.2,996.2,49.0,2.6,8.3,14.8,94.375
320,30.4,36.2,25.2,1003.6,61.0,2.6,5.6,14.8,54.625
855,27.8,31.0,25.2,1001.3,88.0,2.4,4.6,7.6,30.625
878,27.2,34.5,19.5,1009.0,58.0,3.1,11.1,25.9,261.6666666666667
657,28.3,35.8,26.8,1003.9,89.0,1.6,4.3,11.1,57.58333333333334
307,34.1,39.4,27.5,1001.1,53.0,2.9,8.0,20.6,38.41666666666666
16,16.3,24.0,12.0,1017.2,80.0,0.8,1.3,9.4,279.6
58,31.1,38.5,23.2,1007.7,45.0,1.9,3.7,7.6,120.875
277,31.2,35.2,27.0,1000.9,71.0,1.9,6.3,11.1,184.66666666666663
255,32.3,39.1,24.0,1006.6,36.0,2.3,11.7,24.1,53.25
